Date,Average Air Temperature (F),Maximum Air Temperature (F),Minimum Air Temperature (F),Average Experimental Leaf Wetness (mV),Total Precipitation (in),Average Relative Humidity (%),Average Soil Moisture (m3/m3),Average Soil Temperature (F),Average Solar Radiation (W/m2),Average Station Pressure (mb)
1/1/20,43.1,53.6,35.1,265.6,0,63.79,0.28,48.6,134.78,999.13
1/2/20,44.9,55.4,35.2,274.22,0.05,71.95,0.28,47.6,65.96,1002.54
1/3/20,52.8,64.9,45.7,362.06,0.95,92.13,0.29,51,31.1,998.46
1/4/20,57.2,65.1,42.6,373,0.52,83.46,0.35,54.6,44.91,993.43
1/5/20,42.1,50.5,34.9,264.75,0,56.97,0.33,48.3,135.38,1004.77
1/6/20,44.1,58.5,32,264.68,0,57.63,0.31,46.1,137.63,1004.8
1/7/20,41.4,52,31.3,273.52,0.07,75.2,0.3,44.6,40.91,1002.46
1/8/20,42.5,57.6,29.7,313.64,0,58.86,0.3,43.3,135.65,1010.3
1/9/20,40.4,50.5,31.3,264.83,0,60.18,0.3,43.3,121.55,1022.39
1/10/20,52,65.8,38.1,265.81,0,73.49,0.29,46.1,74.57,1019.34
1/11/20,64.6,70.3,54.9,272.27,0.02,82.82,0.29,52.3,55.83,1010.09
1/12/20,65.5,68.7,60.4,285.2,0.33,84.8,0.33,57.9,31.66,1008.89
1/13/20,64.3,66.7,62.1,384.12,1.27,95.03,0.34,58.7,16.96,1012.71
1/14/20,64.4,69.1,59.4,370.08,0.35,92.97,0.36,60.4,39.72,1008.31
1/15/20,61.4,68.5,56.5,356.7,0,83.95,0.32,59.7,81.16,1007.15
1/16/20,59.5,63.9,47.1,265.57,0,56.56,0.31,58.4,116.86,1007.04
1/17/20,40.5,47.1,36.5,261.5,0,35.1,0.3,51,145.47,1021.66
1/18/20,41.6,48.9,35.2,283.35,0.08,62.08,0.3,48.2,46.11,1013.94
1/19/20,47.6,54.9,32.5,303.26,0.04,64.93,0.29,50.3,103.09,1000.06
1/20/20,32,37.8,27.7,262.79,0,45.37,0.29,44.7,146.96,1011.43
1/21/20,30.6,37.2,25.5,262.28,0,41.06,0.29,41.6,152.75,1015.06
1/22/20,33.9,44.4,25.2,262.74,0,48.01,0.29,40.6,146.93,1014.85
1/23/20,38.2,48,29.3,265.28,0,69.88,0.28,41.3,80.97,1012.17
1/24/20,51.3,64.2,40.6,278.18,0.15,79.11,0.28,46.1,81.49,1004.84
1/25/20,51.2,58.8,39.2,335.46,0.74,76.68,0.33,50.8,95.02,998.35
1/26/20,41.9,53.1,32.9,271.88,0,66.31,0.31,46.9,153.79,1000.3
1/27/20,42.3,54.9,31.8,335.82,0.18,78.12,0.3,45.9,101.1,996.99
1/28/20,44.2,52,36.1,284.08,0,64.86,0.31,46.8,162.11,1000.05
1/29/20,40.6,49.6,31.5,268.03,0,65.1,0.3,45.3,122.98,1004.18
1/30/20,42,49.6,36.1,264.07,0,57.37,0.3,45.9,153.2,1007.67
1/31/20,37.7,45.9,32,345.46,0.69,77.33,0.31,43.6,46.11,1008.75
2/1/20,40.9,44.8,38.1,359.17,0.03,91.17,0.35,44.4,32.27,998.98
2/2/20,48.4,61.9,32.9,372.93,0,60.33,0.32,44.6,162.11,994.79
2/3/20,58.7,72.9,45.1,262.39,0,48.41,0.31,48.1,141.27,1000.26
2/4/20,62.7,69.6,58.8,262.58,0,52.5,0.3,51.4,106.5,999.9
2/5/20,61.2,62.8,59.7,327.4,0.21,85.17,0.29,54,34.54,998.68
2/6/20,60.9,71.6,59,429.77,3.55,92.84,0.41,56.5,33.64,987.69
2/7/20,50.9,60.4,34.9,300.78,0.35,66.31,0.42,54.6,110.6,986.4
2/8/20,36.9,43.7,27.5,267.15,0,65.6,0.36,47,108.34,1010.47
2/9/20,41.8,53.8,30.2,283.92,0,66.59,0.34,47.1,175.07,1017.05
2/10/20,52.2,64.8,36.7,266.21,0,73.21,0.34,48.3,96.75,1011.08
2/11/20,65.8,71.6,60.8,283.95,0.15,82.4,0.33,55.3,51.23,1000.62
2/12/20,55.3,63.5,52.2,268.12,0,71.15,0.33,55.6,38.02,1004.42
2/13/20,60.5,70.5,50.2,304.97,0.49,84.28,0.34,56.3,25.04,996.38
2/14/20,45.1,51.6,35.1,263.66,0,48.71,0.34,53,179.12,1010.28
2/15/20,35.1,45.3,27.1,263.64,0,51.29,0.33,47.1,186.1,1018.34
2/16/20,42.7,54.7,30,281.36,0.1,68.69,0.33,46.7,123.56,1008.91
2/17/20,49,58.3,39.4,311.47,0,72.17,0.32,50.1,152.61,1007.25
2/18/20,49.9,60.3,37.2,284.03,0.08,80.66,0.32,50,78.62,1007.08
2/19/20,49.3,57,38.7,349.74,0.15,79.98,0.33,52,31.11,1010.4
2/20/20,37.9,43.2,32,417.73,0.1,75.96,0.33,46.7,29.4,1013.17
2/21/20,30,34.2,24.3,302.42,0.45,79.79,0.35,42.7,213.29,1016.09
2/22/20,35.4,52.5,21.7,275.92,0,68.78,0.35,42.8,202.77,1014.9
2/23/20,45.3,61.3,27.1,273.96,0,55.22,0.34,44.4,207.86,1009.42
2/24/20,47.5,51.8,45.5,321.45,0.25,71.75,0.33,46.6,35.72,1003.91
2/25/20,55.3,62.1,47.3,367.75,0.12,91.59,0.34,50.4,42.61,996.43
2/26/20,58.8,63,48.6,334.55,0,85.25,0.33,53.9,63.34,994.38
2/27/20,43,49.3,34,263.56,0,46.95,0.33,49.9,219.5,999.09
2/28/20,40.4,52,26.4,266.47,0,56.32,0.32,45.8,181.48,1002.57
2/29/20,39.1,47.1,30.9,278.92,0,54.91,0.32,45.4,215.75,1003.58
3/1/20,41.7,56.8,24.4,262.4,0,44.69,0.31,44.8,225.17,1010.05
3/2/20,54.1,65.5,39.4,262.77,0,53.91,0.31,47.7,158.93,1004.14
3/3/20,57.4,62.1,54.3,300.61,0.45,85.47,0.32,52.6,56.48,995.42
3/4/20,52.6,59.4,43.5,315.56,0,66.43,0.34,52.1,95.02,1000.2
3/5/20,48.8,52.5,43.3,305.47,0.19,71.83,0.33,50.4,56.45,1003.58
3/6/20,47.5,58.6,41.7,319.57,0.04,63.47,0.33,49.9,144.55,998.98
3/7/20,44.8,53.2,38.7,262.57,0,44.69,0.32,47.2,240.17,1011.99
3/8/20,46,60.1,29.7,264.53,0,48.37,0.32,47.7,236.91,1020.08
3/9/20,54.2,68.4,36.7,263.12,0,53.85,0.31,49.4,210.14,1018.6
3/10/20,60.1,67.1,54.1,268.3,0.09,75.41,0.31,53.6,87.51,1011.2
3/11/20,62.9,73,52.9,275.41,0.02,74.09,0.3,57.2,176.06,1003.55
3/12/20,60.9,72.1,50.2,315.91,0.01,80.87,0.3,58.9,193.06,1001.07
3/13/20,66.4,73.8,61.3,270.16,0.05,74.33,0.3,60.9,90.95,1002.11
3/14/20,60.2,66.4,52.9,261.1,0,34.03,0.3,59,186.79,1011.88
3/15/20,52.8,59.2,47.3,267.9,0,60.93,0.29,57.4,109.71,1012.27
3/16/20,50.4,58.5,43.5,264.04,0,62.18,0.29,55.5,134.46,1014.19
3/17/20,53.5,59.2,49.3,282.49,0,82.15,0.28,56.3,90.43,1009.27
3/18/20,56.2,65.8,46.6,313.51,0,79.51,0.28,56.5,147.38,1012.9
3/19/20,67.4,78.8,58.6,283.62,0.05,79.38,0.28,61.3,136.38,1009.81
3/20/20,73.8,83.3,66,264.75,0,65.51,0.27,64.9,196.73,1006.94
3/21/20,62.7,71.1,49.5,295.73,0.21,77.45,0.27,64.4,77.14,1008.27
3/22/20,50.8,55.4,46.4,288.88,0,68.44,0.27,58.5,128.45,1014.97
3/23/20,47.2,50.2,43.3,330.93,0.43,88.82,0.31,54.8,42.64,1008.36
3/24/20,51.7,55.2,48.7,320.2,0.25,89.43,0.31,55.2,54.15,1004.42
3/25/20,49.9,54.7,47.3,338.08,0.91,85.51,0.35,54.3,72,997.47
3/26/20,51.9,60.6,47.3,267.25,0,74.42,0.32,55.1,157.76,1003.6
3/27/20,65.7,80.4,52.5,266.67,0,76.06,0.31,59.2,148.17,998.77
3/28/20,73.8,86.2,61.3,272.24,0,70.07,0.3,65.3,249.92,998.56
3/29/20,76.1,85.5,67.8,264.37,0,63.85,0.29,68,229.55,999.07
3/30/20,67.6,74.7,61,260.98,0,35.78,0.29,66,216.93,1000.73
3/31/20,53.8,63.1,45.5,309.87,0.42,61,0.29,60.2,52.99,995.82
4/1/20,48.1,56.3,43.2,299.55,0.01,72.35,0.32,55.3,107.43,994.72
4/2/20,53.9,63.7,41.4,262.92,0,48.94,0.31,55.4,285.89,999.77
4/3/20,59.1,70.5,47.3,260.4,0,32.05,0.3,57,293.85,998.04
4/4/20,57.9,69.8,43.3,261.52,0,44.32,0.29,58.8,290.94,1000.45
4/5/20,58.1,72.1,44.2,280.82,0,66.5,0.29,60.9,271.38,1004.01
4/6/20,63.9,80.2,51.8,265.13,0,66.73,0.28,63.6,261.55,1002.43
4/7/20,66.9,81.5,51.4,310.74,0,66.3,0.28,65.1,237.01,998.82
4/8/20,69.6,81.7,57.7,287.12,0.24,65.56,0.28,67.8,273.8,992.34
4/9/20,66.8,78.6,56.5,311.4,0.02,60.69,0.29,65.7,269.85,986.21
4/10/20,52.8,62.6,42.6,260.37,0,34.76,0.29,61.3,258.3,994.93
4/11/20,51.4,64.8,36.3,261.63,0,44.48,0.28,59,296.85,1003.92
4/12/20,61,72.7,47.1,264.45,0.01,69.8,0.28,61,157.72,1004.19
4/13/20,70.4,78.4,62.6,278.57,0.02,71.34,0.32,65.3,204.29,994.48
4/14/20,62.8,73,52.2,264.49,0,58.84,0.31,64,292.99,1001.27
4/15/20,47.2,58.3,39.4,300.55,0.2,66.12,0.3,60.6,199.59,1002.63
4/16/20,50.1,64.6,34.5,328.02,0.01,56.98,0.3,57.1,308.59,1007.95
4/17/20,56.1,70.5,36.1,269.27,0,56.36,0.29,58.3,301.9,1007.47
4/18/20,60,66.4,47.7,276.57,0.3,60.47,0.3,61.2,186.77,997.62
4/19/20,56,69.4,41,264.93,0,70.81,0.3,58.4,179.64,998.67
4/20/20,54.5,61,48.9,384.42,0.96,83.4,0.34,60.1,114.6,990.66
4/21/20,60.2,73,45.9,294.45,0,61.79,0.32,58.8,245.77,993.34
4/22/20,56.8,67.1,42.1,261.45,0,40.66,0.31,59,298.49,1002.41
4/23/20,58.4,64.6,51.3,268.67,0.06,75.43,0.3,59.3,73.14,1000
4/24/20,67.8,77.5,61,267.45,0.02,72.43,0.29,64.4,223.85,991.5
4/25/20,56.8,61,54.3,266.05,0,81.23,0.29,62.2,63.64,999.44
4/26/20,62.3,72.3,52.9,279.39,0.26,74.83,0.31,63.2,204.63,994.06
4/27/20,56.7,68,46,263.45,0,54.02,0.3,61.3,282.95,1001.98
4/28/20,60.2,75.9,40.8,269.98,0,58.62,0.29,62.6,282,1006.5
4/29/20,68.2,78.4,58.1,263.45,0,63.03,0.28,66.4,212.64,1001.56
4/30/20,61.3,68.5,55.2,332.83,1.92,81.78,0.34,64.7,121.21,993.55
5/1/20,58.1,64.9,53.4,267.18,0.01,65.45,0.31,62.1,190.59,996.87
5/2/20,60.9,73.6,47.8,263.59,0,59.21,0.3,62.9,321.14,1005.09
5/3/20,70.2,84.7,54,263.15,0,57.85,0.29,67.6,311.22,999.12
5/4/20,70.8,79.5,55,261.93,0,49.87,0.29,70.8,318.44,996.6
5/5/20,62.2,72.3,54,266.21,0.01,62.58,0.28,67.8,186.2,997.38
5/6/20,60.7,72,49.3,269.82,0.03,63.75,0.28,68,249.22,994.56
5/7/20,54.7,65.8,44.6,261.92,0,47.88,0.27,63.8,317.79,1000.73
5/8/20,56.3,68,46,270.52,0.06,62.1,0.27,61.9,170.43,998.64
5/9/20,50.8,61.7,39.4,265.45,0,47.07,0.26,60.7,343.29,1004.47
5/10/20,54.5,68.4,37.6,264.02,0,53.27,0.26,61.8,336.5,1008.21
5/11/20,58.1,66,46.4,262.98,0,50.16,0.26,64.2,346,1002.76
5/12/20,52.2,64,40.8,262.15,0,51.28,0.25,62.9,302.87,1008.72
5/13/20,56.4,68.2,43.7,265.34,0,67.89,0.25,63.2,167.5,1011.95
5/14/20,67,77.7,56.3,263.19,0,63.36,0.25,67.1,204.29,1010.44
5/15/20,69.8,80.8,57.6,269.59,0,67.18,0.24,69.5,282.26,1006.47
5/16/20,73.2,86.5,58.5,277.22,0,65.54,0.24,72.7,326.72,1003.53
5/17/20,73.2,83.7,61.5,282.03,0,67.65,0.23,74.4,368.77,1003.09
5/18/20,67.1,70,63.7,287.42,0.07,85.23,0.23,72.2,90.37,998.7
5/19/20,59,63.7,53.4,392.52,0.86,92.12,0.33,66.5,38,1000
5/20/20,56.3,59.4,53.6,449.18,1.46,92.79,0.37,61.4,40.89,1003.31
5/21/20,64.1,68.9,58.5,385.2,0.95,93.74,0.37,63,46.06,1004.05
5/22/20,70.1,81.5,62.1,306.09,0.1,80.94,0.33,69,285.36,1003.46
5/23/20,71.6,83.3,62.2,306.32,0,80.74,0.31,71.7,276.17,1002.9
5/24/20,73.3,84.9,63.3,319.04,0.03,79.56,0.3,73.5,274.4,1004.41
5/25/20,68.2,76.6,62.1,265.74,0,79.84,0.29,72.5,188.72,1006.7
5/26/20,68.6,74.5,63.5,265.77,0,80.2,0.28,73.1,185.6,1006.5
5/27/20,70.6,76.1,66.6,309.25,0.7,89.25,0.3,72.3,85.76,1004.15
5/28/20,74.9,82.9,71.1,297.74,0.1,87.26,0.34,74.6,139.5,1003.78
5/29/20,72.8,81.5,69.6,311.37,0.61,90.15,0.34,75,98.96,1003.39
5/30/20,70.3,MV,MV,274.05,0,90.1,0.34,72.6,121.55,1001.77
5/31/20,75.6,57.7,0,MV,,,,,,
6/1/20,66.6,75.9,55,263.52,0,53.76,0.29,74.1,437.72,1010.19
6/2/20,71.3,84.2,54.7,273.7,0,66.38,0.28,73.9,325.08,1005.38
6/3/20,79.1,90.5,67.6,262.87,0,63.06,0.27,76.6,328.39,999.29
6/4/20,80.1,90.3,71.6,263.32,0,66.09,0.26,78.9,305.98,999.53
6/5/20,77.1,86,69.3,271.01,0.02,75.45,0.24,78.2,220.03,999.83
6/6/20,79.8,89.4,71.4,264.18,0,70.32,0.23,79.4,257.68,998.63
6/7/20,79.3,88.2,71.8,262.99,0,60.42,0.21,80.2,312.3,999.47
6/8/20,76.6,85.5,68.7,264.05,0,71.2,0.19,79.8,222.61,1002.15
6/9/20,77.9,88.9,70.3,267.6,0.15,78.93,0.17,80,250.17,1001.59
6/10/20,79.9,90.1,73.9,270.68,0.58,79.82,0.19,80.6,256.21,1001.73
6/11/20,76.4,81.3,72.3,287.03,0.66,88.51,0.32,79.1,95.52,1004.01
6/12/20,74.5,81.7,66.7,271.26,0.01,67.83,0.31,77.6,285.36,1005.78
6/13/20,72.6,81,63.1,303.9,0,61.55,0.28,75.9,337.69,1005.85
6/14/20,68.7,77.9,60.4,277.65,0,64.3,0.26,74.4,273.95,1008.96
6/15/20,60.2,63.3,57.6,420.14,1.66,85.38,0.34,70,36.57,1009.43
6/16/20,60.2,61.9,59,374.35,0.42,91.53,0.38,67,33.98,1006.6
6/17/20,65.2,73.2,59.9,315.64,0.09,84.85,0.36,68.6,145.62,1002.82
6/18/20,69.2,79,58.5,317.74,0,76.61,0.33,70.7,244.82,1004.63
6/19/20,70.1,83.8,64.8,304.65,0.27,83.4,0.31,73.1,219.73,1005
6/20/20,70,83.1,63.5,294.77,0,82.44,0.31,73.6,248.2,1002.7
6/21/20,75,87.4,62.8,325.01,0,75.8,0.31,75.1,275.55,1001.58
6/22/20,79.4,89.8,68.7,292.28,0,72.77,0.29,76.8,270.34,1000.77
6/23/20,78.3,88,70.2,264.59,0,70.89,0.27,76.9,195.27,996.82
6/24/20,78.1,86,71.2,263.66,0,65.69,0.25,77.2,307.75,997.98
6/25/20,75.1,82.6,69.8,275.09,0,79.36,0.23,76.8,193.31,1001.42
6/26/20,77.2,86.9,67.3,288.2,0,63.65,0.21,76.6,289.9,1004.57
6/27/20,77.4,88,64,269.65,0,67.64,0.18,76.3,293.36,1000.18
6/28/20,77.5,89.4,70.9,271.06,0.34,74.03,0.19,77.1,262,997.3
6/29/20,79.3,89.8,71.1,266.07,0,73.18,0.21,77.8,263.71,998.04
6/30/20,77,89.6,70.2,292.8,0,79.35,0.18,78.1,214.52,998.13
7/1/20,77.7,88.3,69.3,289.64,0,76.84,0.17,78.1,269.19,996.96
7/2/20,78.4,88.9,69.6,265.35,0,68.88,0.15,78.5,323.55,998.2
7/3/20,79.7,92.5,66.6,291.71,0,66.36,0.14,78.8,309.95,999.43
7/4/20,78.9,92.1,69.1,291.67,0.57,72.65,0.17,78.8,150.99,999.13
7/5/20,77.1,91,70.3,287.94,0.82,79.87,0.25,79,247.32,1001.38
7/6/20,78.1,88.5,68,301.83,0.01,75.61,0.28,79,311.18,1003.93
7/7/20,75.4,86.5,70.2,301.16,0.19,86.41,0.27,79.2,166.84,1003.25
7/8/20,76.5,86.9,73,293.12,0.71,85.36,0.31,79.4,194.48,999.32
7/9/20,77.8,87.3,73.4,285.14,0.16,81.92,0.32,79.6,235.89,997.83
7/10/20,80.2,89.6,70.5,289.74,0.42,75.93,0.31,81.2,269.77,997.4
7/11/20,79.2,89.8,69.4,282.56,0,72.02,0.32,82.1,341.02,995.95
7/12/20,79.9,89.8,67.1,296.85,0,67.44,0.3,82.3,331.27,995.89
7/13/20,77.2,90.3,68.7,281.47,0.39,75.8,0.31,82.6,284.32,997.15
7/14/20,79.5,90.9,67.8,321.21,0,74.91,0.3,82.7,268.56,1001.17
7/15/20,82.2,92.1,72.3,271.74,0,68.5,0.29,83.4,287.52,1004.92
7/16/20,80.8,90,72,267.97,0,70.09,0.29,83.5,318.64,1007.65
7/17/20,79.8,92.3,71.6,289,0.04,77.42,0.28,83.9,281.25,1006.97
7/18/20,78.3,91.9,71.2,291.21,0,81.14,0.27,83.9,238.73,1004.89
7/19/20,82.1,93.2,70.7,296.77,0,74.48,0.27,84.1,317.19,1002.61
7/20/20,84.1,95,74.1,263.97,0,69.34,0.26,85.6,316.31,1001.83
7/21/20,82.7,94.1,73,265.99,0,72.88,0.26,85.7,300.8,1003.58
7/22/20,83.3,93.7,72.9,271.62,0,69.01,0.25,86,337.28,1004.69
7/23/20,79.1,92.7,71.8,295.47,1.08,79.58,0.29,85.1,212.81,1005.93
7/24/20,75.7,88.2,69.8,289.23,0.46,84.39,0.33,82.5,165.39,1006.08
7/25/20,78,90.7,69.6,288.8,0,78.46,0.32,83.2,285.81,1005.57
7/26/20,81.6,91.9,72.3,281.18,0,74.7,0.3,84.5,318.63,1005.11
7/27/20,83.5,92.8,73.9,266.05,0,71.91,0.29,85.2,291.85,1001.66
7/28/20,81,93.9,70.9,305.2,2.76,75.88,0.31,85.2,304.86,1000.19
7/29/20,76.9,89.2,71.8,310.08,0.3,85.45,0.34,83.1,271.49,1001.12
7/30/20,78.3,87.1,71.2,312.83,0.01,84.35,0.31,83.4,215.13,999.01
7/31/20,82.2,90.9,76.3,266.48,0,79.07,0.3,84.3,275.53,996.27
8/1/20,80.2,92.8,73.8,266.79,0,77.87,0.29,84.9,225.46,999.53
8/2/20,81.9,91.6,73.2,269.9,0,74.37,0.28,84.6,292.75,1001.05
8/3/20,76.4,84.4,70.7,329.03,1.44,86.18,0.29,83.2,101.83,1002.22
8/4/20,76.9,86.4,68.5,322.11,2.33,79.36,0.4,80,297.14,998.06
8/5/20,78,86,71.2,321.37,0,82.35,0.32,81.8,219.14,1003
8/6/20,76.5,87.6,72.3,295.28,0.68,85.34,0.32,81.6,123.97,1003.47
8/7/20,77.3,88.2,72.7,283.86,0,84.4,0.32,81.7,203.65,1004.45
8/8/20,78.6,88.3,70.9,266.8,0,76.36,0.31,82.3,308.87,1005.83
8/9/20,77.7,91.8,70.2,271.57,0,79.2,0.3,82.7,235.19,1005.93
8/10/20,78,90.1,70.9,310.25,0,80.35,0.29,83.3,271.76,1003.42
8/11/20,78.8,88,70,276.41,0,77.55,0.28,83.3,345.11,1001.2
8/12/20,80.7,90.5,71.8,287.6,0,76.27,0.27,84.1,265.09,1002
8/13/20,79.4,89.1,73.6,303.18,0.19,79.29,0.26,84.4,217.42,1001.51
8/14/20,78.3,88.7,72.5,280.79,0,80.84,0.25,83.6,232.37,1000.21
8/15/20,75.9,84.2,72.5,315.12,0.82,89.07,0.32,81.8,108.16,997.87
8/16/20,70.8,75.4,66.9,314.4,0.09,87.53,0.33,78.9,104.46,998.56
8/17/20,73,84,64.8,361.64,1.48,81.67,0.32,77.8,227.24,1000.59
8/18/20,74.9,86.2,65.7,309.09,0,78.39,0.32,78.3,253.68,999.32
8/19/20,73.8,85.3,66.2,328.18,0.26,82.81,0.31,78.8,197.87,998.78
8/20/20,74.4,82.2,68,271.98,0,79.95,0.31,78.6,189.01,1001.29
8/21/20,74.6,82.6,71.1,303.09,0.2,85.07,0.31,79,143.82,1000.78
8/22/20,76.9,85.3,71.4,279.1,0,81.86,0.31,79.6,179.2,1001.33
8/23/20,77.3,86.4,70.9,275.86,0,80.17,0.3,79.8,229.54,1005.48
8/24/20,77.2,83.5,72.3,276.82,0.01,82.98,0.29,79.8,152.45,1006.18
8/25/20,79.2,89.1,72.7,266.64,0,78.69,0.29,80.1,241,1003.34
8/26/20,78.6,88.9,70.7,287.2,0,70.14,0.28,79.8,276.59,1003.27
8/27/20,80.3,91,70.2,278.15,0,74.15,0.27,80.1,251.65,1002.21
8/28/20,82.3,90.3,75.6,266.2,0,76.02,0.26,81.3,227.75,1000.17
8/29/20,79.3,85.6,75.2,276.2,0.05,82.6,0.25,80.9,85.87,993.9
8/30/20,77.9,86.2,71.4,270.52,0,71.74,0.25,80.1,285.83,996.15
8/31/20,76.2,87.1,71.6,308.36,4.35,83.33,0.29,79.5,167.99,999.52
9/1/20,75.5,82,71.2,306.24,0.04,87.73,0.39,78.5,101.82,1001.54
9/2/20,80.4,91.8,70.9,330.98,0,81.83,0.33,80.2,212.49,999.66
9/3/20,82.3,92.3,74.3,317.87,0,73.8,0.32,81.5,263.97,998.32
9/4/20,80.1,90,71.1,268.09,0,69.7,0.3,81,241.59,1001.34
9/5/20,74.7,80.4,66.6,264.1,0,58.8,0.3,78.7,274.7,1007.82
9/6/20,69.5,80.4,58.1,270.43,0,64.48,0.29,76.1,269.86,1007.47
9/7/20,69.1,81.3,58.6,318.49,0,69.99,0.28,75.2,269.23,1003.6
9/8/20,71.9,82.9,61.9,291.04,0.12,80.54,0.27,75.3,174.1,1004.19
9/9/20,74.8,79.7,72.5,331.34,0.1,89.5,0.27,76.7,70.78,1006.14
9/10/20,77.7,86.7,73,293.09,0,83.85,0.27,78.2,159.04,1006.62
9/11/20,75.8,84.2,71.2,370.95,1.76,88.4,0.31,78.4,101.26,1005.06
9/12/20,73.3,77.2,67.1,292.59,0.03,83.57,0.34,77.3,86.89,1005.87
9/13/20,72.3,82.8,64.6,275.93,0,77.97,0.32,76.6,233.84,1004.65
9/14/20,73.7,82.6,66.7,339.57,0,76.9,0.31,76.9,199.04,1005.43
9/15/20,66.3,73.4,60.4,265.01,0,63.1,0.3,74.2,245.74,1009.68
9/16/20,67,76.3,57.6,273.49,0,77.79,0.3,72.7,208.05,1006.98
9/17/20,69.6,72,67.3,438.2,1.8,93.11,0.32,73.5,23.89,998.71
9/18/20,69,75,64.8,327.69,0.09,81.12,0.37,73.1,70.22,998.08
9/19/20,59.7,64.8,52.7,265.22,0,62.52,0.33,70.2,171.01,1008.94
9/20/20,59.1,68.7,52.2,264.87,0,61.43,0.32,67.6,236.59,1013.35
9/21/20,57.4,66.7,50.5,265.53,0,65.27,0.31,66.4,220.48,1015.34
9/22/20,56.8,68.9,46.2,295.77,0,69.77,0.31,66.3,242.03,1008.7
9/23/20,60.1,73.4,49.5,351.51,0,77.67,0.3,66.9,146.18,1003.55
9/24/20,64,75,58.5,324.34,0.07,83.41,0.3,68.4,77.42,1003.52
9/25/20,64.4,68.9,61,423.69,1.28,92.07,0.34,68.2,34.55,1003.52
9/26/20,67,71.4,61.7,331.48,0.01,89.43,0.34,69.9,74.54,1001.65
9/27/20,66.9,76.3,58.1,345.99,0.04,84.65,0.32,70.3,137.83,1001.05
9/28/20,70.7,80.6,62.1,323.83,0.23,83.79,0.32,72.3,200.81,999.55
9/29/20,71.5,81.7,59.2,329.36,1.34,85.72,0.34,73.9,160.23,994.91
9/30/20,61.8,70.9,54,304.35,0,72.92,0.35,70.5,231.96,999.61
10/1/20,64.7,78.8,53.2,359.77,0,73.97,0.32,69.7,224.39,1000.34
10/2/20,61.9,70,50,271.3,0,64.14,0.32,69,182.75,1002.75
10/3/20,57.8,68.7,48.6,313.08,0,67.83,0.31,66.4,172.1,1008.1
10/4/20,56.8,66.7,50.4,286.08,0,71.18,0.31,65.1,153.4,1006.8
10/5/20,58.8,72.3,48.4,369.24,0,71.96,0.3,65.2,218.1,1007.01
10/6/20,61.5,76.1,48.2,366.76,0,76.15,0.3,66,210.02,1006.34
10/7/20,67.7,81,56.5,352.53,0,75.12,0.3,67.8,207.7,1001.28
10/8/20,70.5,82,60.4,265.66,0,63.64,0.29,68.9,205.35,1003.39
10/9/20,64.1,70.5,58.3,266.19,0,72.26,0.29,68.2,118.86,1008.78
10/10/20,67.9,76.1,61.3,355.28,0.7,88,0.31,69.2,60.14,1005.23
10/11/20,66.6,68,65.1,379.42,0.61,91.84,0.34,69.4,28.78,999.9
10/12/20,69.1,73,64.2,347.57,0.07,91.57,0.34,70.4,52.95,997.12
10/13/20,67.2,79.3,55.8,297.1,0.01,79.9,0.32,70.9,149.02,999.8
10/14/20,61.5,74.1,52.7,297.7,0.01,70.85,0.32,68.7,200.23,1004.38
10/15/20,64.5,78.3,49.8,311.34,0,77.1,0.31,67.8,195.65,1003.08
10/16/20,61.4,69.1,54.3,365.97,0.83,85.79,0.34,68.1,46.07,1003.84
10/17/20,53.5,61.9,46.6,274,0,68.63,0.33,64.2,192.87,1012.18
10/18/20,55,69.4,41.5,312.76,0,74.17,0.32,62.6,153.96,1012.85
10/19/20,61.8,75.7,53.2,389.65,0.01,82.18,0.31,65.1,156.22,1010.09
10/20/20,66.2,79.9,55,393.78,0,80.79,0.31,66.7,163.39,1008.94
10/21/20,69.8,81.3,62.6,383.28,0.01,82.19,0.3,69.4,154.46,1009.55
10/22/20,68.4,79,60.1,385.07,0,78.83,0.3,69.5,134.35,1008.69
10/23/20,67.4,80.1,58.1,374.52,0,79.28,0.3,69.2,141.81,1005.97
10/24/20,69.2,82,60.3,403.54,0.01,79.18,0.3,69.3,177.78,1001.54
10/25/20,59.2,64.9,51.1,541.5,0.35,91.61,0.3,67.7,25.34,1002.86
10/26/20,57.4,72.1,50,500.47,0.06,86.05,0.32,65.6,113.81,1005.65
10/27/20,62.4,74.8,52.2,468.25,0.01,85.1,0.31,66.1,130.08,1007.14
10/28/20,65.4,74.1,57.2,414.54,0.01,87.7,0.31,66.5,92.67,1004.67
10/29/20,73.3,81.3,66.7,274.49,0,81.18,0.31,68.4,54.09,990.91
10/30/20,61.7,73.6,48.7,282.82,0.09,64.96,0.31,67.8,138.73,998.49
10/31/20,51.6,59.4,45.7,268.1,0,65.04,0.3,63.1,158.35,1014.6
11/1/20,53.9,59.9,48.9,347.78,0.63,82.74,0.33,61.8,45.5,1003.5
11/2/20,44,53.4,36.3,266.41,0,45.77,0.33,57.5,174.26,1008.47
11/3/20,48.7,64.4,35.1,267.91,0,53.67,0.32,55.7,169.3,1009.93
11/4/20,50.9,68.2,36.7,350.56,0,68.33,0.31,56.7,165.2,1015.61
11/5/20,56,73.8,41.7,356.6,0,74.37,0.31,58.1,146.47,1014.81
11/6/20,61.1,72.9,51.6,355.89,0,78.68,0.31,60.4,107.62,1011.62
11/7/20,65,77.4,57.4,307.89,0,79.38,0.3,63.2,155.9,1011.65
11/8/20,65.6,76.5,55.8,387.98,0,79.25,0.3,63.6,155.94,1012.93
11/9/20,63.6,73.8,55.9,347.07,0.01,81.22,0.3,63.9,112.23,1011.91
11/10/20,66.3,77.9,56.8,426.34,0.01,85.19,0.3,64.5,121.99,1007.65
11/11/20,70.8,74.5,67.3,342.25,1.38,91.38,0.32,67.4,38.57,1002.1
11/12/20,66.2,70,59,437.45,3.33,92.48,0.43,67.4,6.33,999.13
11/13/20,56.8,64.9,52.5,518.05,0.03,89.64,0.36,64.3,72.55,1002.4
11/14/20,55.2,64.6,48.6,309.37,0,68.44,0.34,61.4,143.33,1008
11/15/20,62.7,72.7,50.7,290.32,0,80.99,0.33,61.7,92.69,1002.9
11/16/20,53.4,62.8,40.8,267.32,0.07,48.64,0.32,60.4,149.11,1005.68
11/17/20,48.4,61.5,36.7,271.61,0,50.77,0.32,55.6,148,1007.69
11/18/20,41,50.2,32.7,265.89,0,52.14,0.31,52.6,147.18,1018.53
11/19/20,40.6,56.1,29.3,283.95,0,66.03,0.31,51.4,142.81,1021.56
11/20/20,49.5,67.3,33.1,307.17,0,68.1,0.31,51.8,139.9,1017.5
11/21/20,55.3,73.6,41.7,377.53,0,72.88,0.31,54.3,138.11,1013.47
11/22/20,56.7,70.7,44.2,376.55,0,78.75,0.3,55.7,118,1008.75
11/23/20,55,61,44.1,352.57,0.01,60.23,0.3,57,137.6,1005.57
11/24/20,43.3,54.9,34.2,272.27,0,63.86,0.3,53,126.13,1013.76
11/25/20,52.2,65.8,36,331.28,0,76.65,0.3,52.9,85.23,1010.85
11/26/20,63.4,69.1,56.1,334.09,0.04,86.75,0.29,58.2,52.97,1004.12
11/27/20,59.5,69.1,49.6,414.75,0.01,85.44,0.29,59.9,131.8,1003.12
11/28/20,54.5,65.5,45,398.75,0.01,74.8,0.29,58.3,107.35,1003.7
11/29/20,51.1,63.7,38.3,397.5,0.36,73.65,0.29,55.7,119.19,1005.14
11/30/20,60.8,69.4,47.1,326.23,0.95,78.47,0.37,59.2,54.69,987.72
12/1/20,42,47.1,32.9,266.67,0.09,54.83,0.34,53,112.37,997.24
12/2/20,38,51.1,30.4,265.96,0,56.46,0.33,48,134.83,1008.32
12/3/20,40.5,55.8,26.6,268.42,0,59.57,0.32,46.8,129.02,1011.6
12/4/20,51.9,63.1,36.1,275.62,0.01,71.8,0.32,49.5,81.78,1004.15
12/5/20,49.7,59.9,37.4,284.34,0.07,62.82,0.34,52,111.16,998.4
12/6/20,43.1,53.2,31.6,268.18,0,64.09,0.33,48.2,124.41,1000.65
12/7/20,39.4,43.5,34.7,506.67,0.4,88.06,0.34,47.7,13.55,994.54
12/8/20,36.8,46.4,28.4,268.39,0,57.98,0.34,44.4,129.64,1000.03
12/9/20,38.3,51.1,26.1,269.2,0,63.63,0.33,43,112.08,1000.96
12/10/20,45.5,59.2,33.4,268.18,0,65.08,0.33,45.2,117.18,1005.88
12/11/20,49.4,66,35.2,340.49,0,78.62,0.32,47.4,108.42,1007.76
12/12/20,53.2,62.2,44.4,403.12,0,77.86,0.32,49.7,96.46,1004.81
12/13/20,58.1,68,50,328.28,0.02,82.5,0.32,53.3,93.25,1002.9
12/14/20,50.1,59.7,38.7,406.61,0.84,86.5,0.36,52.9,36.88,998.33
12/15/20,37.6,43.5,31.6,282.8,0,68.47,0.34,46.4,119.85,1009.86
12/16/20,36.5,40.3,35.1,491.27,0.8,85.64,0.37,44,9.8,1000.86
12/17/20,41.3,50.2,35.2,367.16,0,78.9,0.36,45.4,101.96,1001.43
12/18/20,40.2,46.4,30.4,267.81,0,62.63,0.34,45.8,100.83,1011.81
12/19/20,36,47.8,26.8,288.94,0,74.67,0.33,43.1,118.67,1013.96
12/20/20,40.5,45.5,34.3,459.03,0.52,89.04,0.35,44.1,24.5,1004.76
12/21/20,46.5,54,42.3,336.18,0,78.8,0.35,47,92.74,998.55
12/22/20,45.5,54.7,32,268.27,0,60.56,0.34,45.9,110.58,1004.9
12/23/20,43.1,56.5,29.3,300.93,0,66.06,0.33,44.2,127.86,1012.77
12/24/20,57.3,65.1,47.8,323.08,1.75,86.17,0.38,50.1,10.65,996.72
12/25/20,35.5,57.2,25.3,274.8,0.07,60.1,0.39,47.3,104.07,994.92
12/26/20,29.2,40.6,21.2,264.91,0,51.85,0.35,39.3,127.39,1005.53
12/27/20,35.3,50,24.1,267.55,0,63.35,0.34,39.7,123.27,1010.03
12/28/20,43.1,59.9,29.5,273.14,0,66.01,0.33,41.2,95.63,1010.26
12/29/20,43.8,50.9,36,268.94,0,61.33,0.33,42.8,126.13,1015.43
12/30/20,38.5,46.4,27.9,268.62,0,68.72,0.33,41.9,55.9,1014.96
12/31/20,48.9,55,40.8,496.04,0.83,91.45,0.34,46,26.5,1007.35
1/1/21,44.2,55.2,39.9,603.4,0.78,91.63,0.37,47.7,18.45,1009.49
1/2/21,49.4,57.4,43,411.04,0.43,89.81,0.41,48.5,73.15,1001.93
1/3/21,51.2,55.2,45,424.3,0.76,88.04,0.45,51.4,47.81,998.63
1/4/21,42.1,49.1,33.1,298.32,0,79.43,0.37,48,60.79,1001.83
1/5/21,38.5,47.8,30.4,376.44,0,84.11,0.35,43.7,42.36,999.38
1/6/21,41.6,49.6,34.2,269.12,0,65.04,0.34,44.1,117.51,1006.25
1/7/21,38.8,47.8,28.9,272.18,0,69.29,0.34,42.6,100.81,1007.38
1/8/21,37.8,40.5,34.3,458.37,0.93,83.54,0.37,42.7,38.92,998.92
1/9/21,39.2,48.4,29.5,303.94,0,64.77,0.37,41.5,134.81,1001.04
1/10/21,38.7,51.8,28.6,267.02,0,59.66,0.35,40.8,133.62,1010.28
1/11/21,38.2,47.1,28.6,327.68,0.04,76.37,0.34,40.5,47.26,1011.33
1/12/21,43.7,54.5,34.3,404.54,0.13,78.03,0.34,44.6,111.15,1006.49
1/13/21,42.1,55.8,28.6,355.45,0.02,70.99,0.34,43,141.09,1003.55
1/14/21,44.2,53.2,37.4,316.19,0,78.36,0.34,45.4,109.98,997.13
1/15/21,43.2,55.4,31.8,398.78,0.29,83.05,0.34,43.6,89.3,993.86
1/16/21,38.6,43.7,32.7,423.52,0.04,81.58,0.35,43.7,70.89,990.79
1/17/21,38.1,49.1,29.5,272.68,0,62.14,0.35,40.5,110.05,997.55
1/18/21,39.1,50.4,30.6,267.79,0,62.48,0.34,40.4,146.93,1000.36
1/19/21,41.4,56.3,26.8,269.72,0,60.02,0.34,40.3,125.58,1009.11
1/20/21,43.8,53.2,30.9,266.65,0,53.15,0.33,42,144.57,1004.84
1/21/21,42.5,51.8,30.9,267.82,0,59.9,0.33,42.2,80.94,997.86
1/22/21,46.2,59.5,38.1,267.05,0,53.29,0.33,42.9,97.06,998.28
1/23/21,39.2,47.1,27,264.26,0,40.73,0.32,41.2,155.55,1007.03
1/24/21,35.7,46.8,25,264.3,0,44.36,0.32,39.8,127.91,1010.42
1/25/21,42.4,45.5,37.4,517.04,0.43,87.45,0.33,42.8,19.6,1002.6
1/26/21,44.7,49.1,41.5,554.75,0.35,91.71,0.37,45,33.42,997.72
1/27/21,46.7,51.8,40.5,417.87,0.2,84.61,0.35,46.5,59.05,1001.58
1/28/21,34.5,40.5,28.9,374.19,0.47,71.56,0.38,42.3,122.79,1007.53
1/29/21,30.8,39.7,25.3,265.15,0,51.1,0.35,38.1,162.52,1012.19
1/30/21,33.4,42.1,24.1,265.08,0,46.9,0.34,37.9,129.09,1012.9
1/31/21,35.5,39.4,33.1,458,1.26,80.57,0.4,38.9,16.14,1002.08
2/1/21,35.6,42.1,32.7,406.79,0.02,85.17,0.38,39.1,49.87,992.22
2/2/21,38.1,45.5,32.9,267.03,0.01,55.32,0.35,39.6,139.2,990.81
2/3/21,38.6,49.6,30.6,264.08,0,35.9,0.34,37.9,154.71,995.75
2/4/21,39.9,51.8,24.4,264.05,0,38.7,0.34,38.2,135.37,1002.25
2/5/21,44.2,48.6,40.3,358.91,0.23,80.84,0.34,41.4,30.54,995.66
2/6/21,43.8,54.7,30.4,286.45,0.25,53.62,0.34,42.2,125.55,1004.86
2/7/21,39,47.8,31.5,441.13,0.32,82.59,0.38,42.6,95.09,999.92
2/8/21,39.3,53.4,27.1,275.84,0,63.23,0.35,41,174.54,1012.32
2/9/21,48.3,64,38.5,285.61,0,75.02,0.34,44.6,139.93,1006.96
2/10/21,46.3,52,42.1,327.8,0,72.17,0.34,45.6,63.43,1009.21
2/11/21,44,48.2,36.5,390.92,0.74,82.84,0.35,45.6,21.9,1005.12
2/12/21,33.6,36.7,31.8,588.63,0.13,89.77,0.37,41.5,18.45,1007.34
2/13/21,33.7,35.4,31.8,553.2,0.85,90.52,0.4,39.5,24.67,1004.42
2/14/21,35.2,37.2,33.3,575.43,0.57,91.38,0.4,39.4,21.62,1005.27
2/15/21,38.4,44.2,35.2,585.33,0.63,91.78,0.4,40.6,31.13,1003.12
2/16/21,50.6,58.8,35.1,328.79,0.03,71.55,0.41,46.1,153.76,995.82
2/17/21,37.8,45.9,28.8,266.74,0,55.23,0.36,42.7,179.77,1010.75
2/18/21,34,40.3,31.8,498.21,1.18,87.38,0.42,40.5,21.05,1007
2/19/21,36.5,43.2,32.2,400.76,0.75,85.6,0.44,39.8,60.53,1004.3
2/20/21,35.6,44.2,29.7,266.55,0,51.9,0.37,38.8,199.39,1011.68
2/21/21,34.2,45.1,25.3,264.56,0,44.4,0.35,38.5,201.38,1019.17
2/22/21,41.3,60.8,32.5,359.13,0.56,79.25,0.37,40.4,73.18,1004.73
2/23/21,48.9,63.5,32,394.22,0.01,65.23,0.36,43.2,203.87,999.28
2/24/21,53.8,70,35.4,284.07,0,53.83,0.35,45.3,196.58,1003.64
2/25/21,56.2,66.6,46.2,266.96,0,43.68,0.34,48.1,197.41,1005.4
2/26/21,44.8,49.8,40.1,323.17,0.6,67.81,0.34,45.8,28.24,1010.99
2/27/21,48.9,61.3,40.8,362.34,0.13,85.6,0.37,47.8,125.55,1008.49
2/28/21,61.2,76.6,48,358.07,0,82.02,0.35,52.4,101.87,1004.88
3/1/21,60.7,68.4,47.8,312.8,0.1,72.34,0.34,55.7,34.27,998.64
3/2/21,44.4,49.8,38.3,266.61,0,47.35,0.34,49.7,128.48,1008.75
3/3/21,47.6,61.3,38.5,267.6,0,54.22,0.34,49.7,211.86,1001.81
3/4/21,54.4,65.5,39.4,266,0,35.23,0.33,49.3,223.09,999.34
3/5/21,44.2,51.6,36.3,264.03,0,37.63,0.33,48,216.03,1004.02
3/6/21,43.3,53.6,34.3,263.75,0,37.8,0.33,47,186.63,1007.42
3/7/21,41.7,50.7,30.4,263.6,0,37.76,0.32,46.5,233.86,1011.94
3/8/21,43.7,60.3,28.2,264.18,0,37.58,0.32,46.1,238.11,1017.58
3/9/21,51.9,70,32.7,265.2,0,38.27,0.32,47.8,221.65,1016.75
3/10/21,57.4,73,38.1,266.22,0,40.9,0.31,50.6,230.23,1015.76
3/11/21,60.1,73.6,45.1,266.9,0,45.63,0.31,52.6,230.8,1014.09
3/12/21,65.5,77,54.5,269.64,0,56.8,0.3,56,197.11,1010.17
3/13/21,61.6,66.7,53.8,266.93,0,40.59,0.3,57.5,115.41,1010.17
3/14/21,59.6,69.4,47.7,266.91,0,41.43,0.3,56.5,182.77,1006.35
3/15/21,49.4,57.7,45.5,262.71,0,26.36,0.29,54,105.44,1011.4
3/16/21,41.4,45.7,34.5,416.15,0.8,83.58,0.36,49.8,33.96,1006.7
3/17/21,47.4,55.2,42.4,298.63,0,84.1,0.36,51,92.16,1004.58
3/18/21,59.6,73.6,48.7,335.75,0.02,83.2,0.34,54.3,86.35,994.64
3/19/21,46.3,60.4,37.9,338.21,0.12,71.61,0.34,53.1,81.26,1002.13
3/20/21,43.5,53.2,33.4,271.82,0,50.68,0.34,47.4,156.14,1016.51
3/21/21,51.6,62.6,41,267.55,0,50.99,0.33,49.5,191.19,1014.71
3/22/21,55.4,65.1,45.3,269.03,0,60.75,0.33,51.8,196.92,1008.4
3/23/21,56.1,61.9,51.3,279,0,79.59,0.32,53.8,79.93,1005.25
3/24/21,59.6,68.2,55.2,359.84,0.2,85.83,0.32,56.7,99.03,1002.17
3/25/21,64.1,74.7,51.1,379.11,0.01,81.19,0.33,57.7,90.38,1003.79
3/26/21,69.5,76.1,64.2,298.35,0.28,83.52,0.34,62.2,96.68,1001.63
3/27/21,64.6,74.3,56.7,388.23,0.19,87.52,0.34,62.3,99.56,1005.21
3/28/21,67.8,77.9,57.2,309.98,0.53,73.73,0.37,63.6,156.56,997.5
3/29/21,52.9,63.3,43,267.05,0,40.43,0.34,58.1,279.23,1008.23
3/30/21,57.4,72,38.5,291.5,0,64.74,0.33,57.3,244.36,1011.58
3/31/21,66,75.6,58.5,295.69,0.29,82.25,0.34,61,119.73,1003.3
4/1/21,48.4,61,37.4,276.45,0,50.12,0.35,57.8,261.48,1002.71
4/2/21,39.5,47.7,32.2,264.03,0,36.57,0.33,50.8,288.4,1012.32
4/3/21,43.8,58.1,28.4,265.55,0,44.21,0.32,50.8,286.5,1015.11
4/4/21,55.7,72.5,36.9,267.06,0,42.38,0.32,53.5,276.9,1007.8
4/5/21,60.7,75.6,44.1,267.43,0,43.02,0.31,57.1,278.51,1004.64
4/6/21,65.6,81.3,50,268.41,0,45.43,0.31,59.9,264.65,1001.73
4/7/21,69.6,84.4,51.8,268.79,0,44.67,0.3,62.4,264.01,1000.17
4/8/21,68.5,81.7,52.3,270.32,0,55.75,0.3,64.1,222.35,999.33
4/9/21,67.8,81,56.8,274.5,0,64.62,0.29,65.9,209.16,1001.07
4/10/21,67.4,77.5,57.9,287.51,0.16,75.16,0.29,66.3,182.16,997.66
4/11/21,68.1,77.9,58.1,294.38,0.14,64.68,0.33,66.2,239.1,987.83
4/12/21,66.2,77.9,53.1,268.65,0,44.04,0.31,63.9,294.62,992
4/13/21,64.1,75.2,49.1,268.63,0,50.79,0.3,64.7,294.04,1002.5
4/14/21,65.9,80.1,52.9,287.7,0.09,68.18,0.29,65.9,292.08,1001.35
4/15/21,62.2,68.5,52.9,280.99,0,64.09,0.29,65.6,179.61,994.51
4/16/21,55,66.9,38.7,267.17,0,46.7,0.29,61.7,306.83,996.67
4/17/21,55.9,65.7,44.8,268.06,0,54.57,0.28,61.5,164.09,996.83
4/18/21,58.9,71.4,47.7,269.35,0,57.9,0.28,62.8,240.29,997.15
4/19/21,54.6,65.7,44.6,275.53,0,68.49,0.28,61.6,167.54,997.32
4/20/21,58.8,72.7,42.1,328.03,0,57.35,0.27,61.4,278.55,1001.71
4/21/21,59.8,76.1,42.8,268.25,0,51.26,0.27,62.5,221.9,996.47
4/22/21,46.7,58.8,33.1,264.85,0,43.68,0.26,59.2,328.92,1005.18
4/23/21,51,65.5,32.4,278.54,0,50.51,0.26,58.6,332.35,1007.69
4/24/21,58.3,60.4,43.3,350.15,0.24,89.06,0.26,59.5,46.49,996.07
4/25/21,61.9,68.9,54.5,282.76,0,64.77,0.26,61.4,237.72,995.76
4/26/21,61.9,75.9,46.2,268.9,0,50.06,0.26,62.1,308.74,1005.02
4/27/21,67.2,82.6,48.9,275.67,0,54.98,0.26,64.4,299.23,1005.74
4/28/21,72.7,84.9,61.5,271.27,0,59.75,0.25,67.7,274.45,1003.31
4/29/21,75.4,85.5,66.6,271.37,0,57.22,0.24,69.7,260.62,997.85
4/30/21,73,79,64,268.52,0,39.25,0.24,70.6,310.76,996.03
5/1/21,61.3,72.7,48.9,265.39,0,34.56,0.23,68.4,322.37,1003.48
5/2/21,67.6,81.7,51.6,269.3,0,55.4,0.22,68,273.04,1001.16
5/3/21,70.1,79.9,63.7,278.93,0.12,77.89,0.21,69.4,133.81,997.55
5/4/21,73.1,87.6,64.2,274.13,0.02,72.88,0.21,70.3,231.27,996.81
5/5/21,72.5,84,64.8,291.39,0.27,67.85,0.22,71.4,288.49,995.94
5/6/21,60.2,67.8,49.8,275.15,0,58.58,0.28,67.7,140.18,1001.5
5/7/21,53.5,63.7,45.7,387.27,0.74,79.15,0.34,64,198.39,998.52
5/8/21,58.9,73.6,43.3,338.08,0,54.68,0.32,62.2,295.89,1001.44
5/9/21,66.6,80.6,53.1,268.86,0,50.36,0.29,64.8,308.77,1002.35
5/10/21,68.2,78.6,59.5,300.81,0.49,74.99,0.32,68,212.93,999.16
5/11/21,61.5,70.3,53.1,273.5,0,65.86,0.32,66.5,204.6,1004.85
5/12/21,50.6,58.3,41.4,322.41,0.09,71.9,0.3,61.1,63.38,1009.1
5/13/21,56.4,69.8,41.2,332.8,0,56.09,0.29,60.1,285.59,1009.28
5/14/21,58.7,72.3,42.1,293.95,0,52.66,0.28,62,207.81,1009.94
5/15/21,60.6,74.7,43,284.08,0,52.91,0.27,63.7,336.65,1009.72
5/16/21,61.5,74.3,46,274.5,0,60.16,0.26,64,142.76,1009.76
5/17/21,65.9,77.7,57.9,285.3,0,65.32,0.25,67,199.1,1010.41
5/18/21,66.2,75,57.7,272.87,0,63.57,0.23,67.4,138.11,1012.74
5/19/21,68.3,82.9,52.2,310.9,0,55.54,0.22,69.1,330.75,1013.52
5/20/21,71.4,85.6,52.5,285.47,0,54.9,0.2,71,322.73,1014.59
5/21/21,69.8,82,58.5,268.9,0,47.81,0.18,72.1,334.85,1016.75
5/22/21,70.9,86.9,52.3,270.67,0,53.76,0.16,71.8,269.26,1012.49
5/23/21,77.8,90.7,66.2,270.61,0,50.43,0.15,74.5,315.16,1005.91
5/24/21,76.7,92.3,67.6,276.55,0.1,63.78,0.15,75,208.23,1005.89
5/25/21,73.1,85.3,63.7,298.06,0,76.68,0.14,74.8,211.98,1008.95
5/26/21,79.4,93.7,69.1,273.57,0,65.36,0.14,76.8,277.82,1005.03
5/27/21,74.3,92.3,66,275.25,0,70.43,0.14,74.7,236.52,1003.15
5/28/21,79,91.4,65.7,285.64,0.07,62.1,0.13,78.5,366.36,996.95
5/29/21,69.9,86.5,54.3,299.58,0.07,76,0.13,76,147.7,995.23
5/30/21,56.1,62.2,51.4,314.08,0,78.5,0.13,68.9,118.06,1005.07
5/31/21,61.8,74.3,48.6,338.92,0.01,66.28,0.13,69,238.24,1011.86
6/1/21,67.6,81.9,52.3,329.12,0,62.92,0.13,71.4,352.64,1010.58
6/2/21,69.1,79.9,59.2,284.63,0.27,80.89,0.13,72.3,135.22,1006.93
6/3/21,75.7,79.9,68.4,320.62,1,88.6,0.21,72.9,77.69,1003.8
6/4/21,77.4,84.2,70.3,291.25,0.02,79.75,0.28,74.2,172.01,1002.21
6/5/21,80.4,88.3,68.2,333.31,0,69.49,0.26,75.6,194.12,1004.05
6/6/21,77.6,89.6,67.3,286.12,0.01,75.52,0.24,76.4,209.65,1005.7
6/7/21,79.9,88.2,71.4,281.92,0.03,73.9,0.23,76.8,162.21,1006.62
6/8/21,77.9,86.5,70.7,275.48,0,74.18,0.22,76.9,229.52,1006.72
6/9/21,78.4,89.2,70.7,275.67,1.16,73.56,0.2,76.9,166.82,1004.5
6/10/21,74.4,87.1,70.9,331.28,1.28,87.31,0.34,76.7,159.05,1000.98
6/11/21,77,87.8,71.1,289.47,0.13,81.35,0.32,77.4,237.28,995.35
6/12/21,72.9,78.4,69.1,296.85,0.1,84.01,0.32,76.9,149.06,994.81
6/13/21,74.4,84,66.4,275.6,0,67.73,0.3,76.8,309.47,998.18
6/14/21,77.8,89.6,66.2,289.7,0,72.49,0.29,78.5,313.51,996.79
6/15/21,77.3,84.9,64.9,273.93,0,62.11,0.28,79.3,286.18,996.12
6/16/21,74,83.3,63,271.94,0,52.68,0.27,77.6,313.55,999.83
6/17/21,71.8,82.6,59.7,270.35,0,47.2,0.27,77,324.49,1002.38
6/18/21,73.8,88.2,55.8,275.9,0,58.75,0.26,77.2,308.02,1003.9
6/19/21,81.4,91.6,72.1,273.05,0,58.44,0.26,79.1,265.72,1000.25
6/20/21,74.1,81.5,70.3,317.25,1.81,82.7,0.31,77.5,81.47,998.51
6/21/21,80.7,91,71.1,294.1,0,71.92,0.31,79.4,304.82,995.11
6/22/21,73.6,80.1,64.6,295.3,0.15,80.98,0.29,77.3,112.52,997.01
6/23/21,69.3,77.5,60.4,287.15,0,65.05,0.29,75.2,306.39,1007.27
6/24/21,68.5,77.7,57.6,277.65,0,58.92,0.28,74.8,349.25,1011.12
6/25/21,69.4,78.1,62.8,285.26,0.04,78.73,0.28,74.5,151.34,1010.1
6/26/21,75.6,83.8,69.3,281.11,0,80.24,0.27,77.7,192.13,1008.97
6/27/21,78.2,87.8,70.3,313.69,0,72.98,0.27,79.7,282.4,1008.96
6/28/21,77.4,86.4,67.6,295.08,0,74.19,0.26,80.2,277.84,1010.05
6/29/21,78.8,89.8,67.8,312.28,0,73.17,0.26,81.3,301.09,1011.06
6/30/21,80.7,90.5,72,282.83,0,72.1,0.25,83,278.92,1006.83
7/1/21,81.1,90,70.9,278.06,0.06,67.67,0.25,83.2,298.52,1001.01
7/3/21,70.6,81,61.2,289.05,0.03,66.49,0.32,77.4,314.14,997.83
7/4/21,73.2,84.6,60.6,316.28,0,64.9,0.29,77.7,288.51,1000.66
7/5/21,77.2,88.9,63.7,306.5,0,65.62,0.28,79.4,327.86,1003.59
7/6/21,78,88.7,66.9,275.25,0,65.5,0.27,80.8,332.43,1005.61
7/7/21,78.9,89.6,66.2,299.13,0,69,0.27,81.4,315.75,1003.6
7/8/21,73.5,76.5,70.3,337.38,2.92,89.46,0.33,78.2,31.95,998.93
7/9/21,77,90.1,70.3,302.6,0.01,79.71,0.32,78.8,275.08,1000.74
7/10/21,78.3,89.6,67.8,350.06,0.01,75.06,0.3,80.6,297.93,1002.43
7/11/21,78.1,88.3,73.2,322.73,0,82.5,0.29,81.1,189.44,1003.4
7/12/21,78.1,88.7,72.9,286.6,0.26,79.85,0.28,80.5,199.79,1007.71
7/13/21,77.9,85.8,71.6,285.01,0,79.8,0.29,80,229.59,1010.3
7/14/21,78.2,88.9,68.9,300.21,0.08,75.49,0.28,80.7,276.06,1009.62
7/15/21,79.2,90.5,70.5,315.94,0.01,76.01,0.28,82.3,337.74,1006.72
7/16/21,80.8,91,71.8,282.15,0,74.47,0.27,83.6,339.06,1005.09
7/17/21,80.4,90.5,72.7,277.11,0,75.57,0.27,84,260.73,1005.4
7/18/21,77.4,87.8,70,290.45,0.06,76.5,0.26,82.5,181.56,1005.22
7/19/21,71,72.9,69.6,340.75,0.62,89.89,0.34,78.3,59.68,1003.85
7/20/21,74.7,84.2,65.8,293.3,0,75.47,0.32,78.2,221.71,1001.26
7/21/21,78.5,87.4,71.1,279.14,0,74.2,0.3,80.8,302.43,1000.84
7/22/21,77.9,86.9,71.8,276.03,0,69.09,0.29,80.7,230.13,1005.08
7/23/21,76.2,85.8,67.3,291.2,0,70.88,0.28,80.7,266.23,1006.24
7/24/21,76.7,86,66,289.94,0,70.18,0.27,81.2,285.56,1005.06
7/25/21,78.3,88,69.3,275.7,0,69.31,0.26,82.3,263.87,1002.56
7/26/21,80.7,91.2,72.1,276.61,0,73.64,0.26,83.8,272.31,1001.07
7/27/21,79.7,92.1,70.2,284.6,0.04,74.99,0.25,85.2,339.28,1001.56
7/28/21,78.6,92.1,69.4,286.51,0.2,76.75,0.27,84.3,252.76,1001.4
7/29/21,79.3,90.9,67.8,327.28,0,75.79,0.28,82.5,288.65,1001.11
7/30/21,83.5,93.7,75.4,276.96,0,70.69,0.26,85.1,301.31,998.34
7/31/21,81.1,91.2,74.1,275.82,0,67.92,0.25,85.5,247.77,999.8
8/1/21,79.4,89.2,71.8,295.71,0.33,77.6,0.28,84,183.41,996.93
8/2/21,76.8,83.8,70.5,296.43,0,61.25,0.28,81.4,310.34,1001.58
8/3/21,69.4,72.3,65.7,307.15,0.21,80.8,0.27,77,55.46,1002.91
8/4/21,70.8,78.6,66.2,276.67,0,76.38,0.27,75.2,151.82,1002.52
8/5/21,73.2,83.1,64.6,276.29,0,65.49,0.27,77,314.59,1006.08
8/6/21,72.5,84.9,62.6,313.43,0.01,74.63,0.26,78.1,241.22,1006.98
8/7/21,73.4,79,68.2,308.37,0.46,84.5,0.3,78.8,177.12,1003.62
8/8/21,75.4,90.5,64,344.71,0,77.37,0.3,79.2,306.85,1004.25
8/9/21,79.4,90.1,68.7,348.15,0,71.38,0.28,80.6,227.44,1006.66
8/10/21,81,90.5,72.3,291.9,0,73.86,0.26,82.2,283.92,1007.14
8/11/21,82.1,94.1,73.4,277.59,0,70.44,0.25,83.5,241.39,1005.67
8/12/21,83.3,94.8,73.6,279.18,0,70.08,0.23,84.3,292.03,1005.48
8/13/21,84.1,94.6,75.2,276.85,0,70.43,0.22,85,270.43,1005.77
8/14/21,78.1,93.7,70.5,303.33,3.37,81.25,0.29,81.5,200.84,1006.1
8/15/21,75.8,89.6,70,341.65,0.46,83.89,0.34,79.7,176.02,1006.18
8/16/21,76.8,87.1,71.4,304.31,0.19,85.12,0.33,80.6,203.72,1005.68
8/17/21,77.1,85.3,72.9,316.1,0.29,86.75,0.33,80.5,141.75,1005.51
8/18/21,80.5,89.4,75.7,292.94,0.11,80.05,0.33,81.2,241.17,1005.38
8/19/21,82.5,93.6,73.9,340.37,0.34,74.41,0.31,82.6,284.93,1003.4
8/20/21,77,87.8,73.6,325.63,0.41,84.29,0.33,81.7,180.53,998.87
8/21/21,78,88.3,72,310.67,0,78.63,0.33,81,165.72,998.1
8/22/21,76.9,89.6,69.4,357.86,0.05,80.11,0.31,80.7,237.22,998.54
8/23/21,78.7,90,68.7,345.36,0,76.62,0.3,81.1,279.69,999.67
8/24/21,81.4,94.8,71.2,325.37,0,72.14,0.28,81.9,244.32,1002.27
8/25/21,79.9,92.3,71.6,306.09,0,75.3,0.27,82,155.94,1005.25
8/26/21,80.7,90.5,71.8,306.79,0,73.69,0.27,82.3,251.73,1006.67
8/27/21,79.7,90.3,69.8,299.94,0,73.09,0.26,83.1,279.67,1006.74
8/28/21,81.8,92.7,72,297.35,0,72.86,0.25,84.6,282.05,1007.48
8/29/21,81.5,94.5,70.3,280.3,0,69.87,0.25,85.5,248.27,1006.12
8/30/21,81.1,93.7,71.1,275.91,0,65.82,0.25,85.9,276.76,1000.63
8/31/21,80.1,90.9,70.3,278.99,0,69.07,0.24,85.4,258.57,996.52
9/1/21,77.4,85.3,67.8,297.63,0.2,78.64,0.24,83.1,153.12,991.47
9/2/21,71.2,79.7,59.5,274.64,0.01,59.38,0.24,79.2,280.61,998.82
9/3/21,68.4,81.5,55.9,278.33,0,57.37,0.24,77.1,291.68,1003.75
9/4/21,69,83.8,54.9,322.93,0,66.47,0.23,78,288.42,1003.38
9/5/21,73.1,85.8,62.4,274.96,0,63.35,0.23,79.6,253.35,999.75
9/6/21,73.3,82.4,63.5,275.74,0,68.3,0.23,79.4,184.52,999.44
9/7/21,75.2,88.3,62.8,325.7,0,63.9,0.23,80.1,276.55,1001.49
9/8/21,76.3,88.9,69.3,307.22,0.1,78.77,0.22,81.2,120.36,998.29
9/9/21,70,72.7,62.4,340.42,1.02,87.86,0.3,77.3,51.31,996.03
9/10/21,68.1,79.5,58.8,289.8,0,63.25,0.33,73.7,266.31,1003.09
9/11/21,68.1,82.6,55.4,366.8,0,69.31,0.31,73.9,250.73,1009.11
9/12/21,71.8,85.1,58.5,298.03,0,68.79,0.3,75,247.28,1009.9
9/13/21,74.6,87.6,64.8,283.95,0,71.56,0.29,77,225.11,1006.83
9/14/21,76.2,88.7,65.5,342.71,0,70.37,0.28,78.3,244.06,1003.88
9/15/21,77.3,86.5,70.5,287.18,0.05,76.58,0.28,79.3,207.93,1002.61
9/16/21,76.7,84.2,69.1,300.86,0,75.71,0.27,79.1,133.02,1003.69
9/17/21,75.4,81.7,71.8,283.26,0.01,80.36,0.27,78.7,98.2,1005.49
9/18/21,76.1,85.1,68.9,297.33,0,77.51,0.26,79.1,231.71,1005.16
9/19/21,76.1,88.2,66.2,343.15,0,72.7,0.26,79.5,203.16,1005.82
9/20/21,74.5,82.8,68.2,279.57,0,70.9,0.26,79.5,189.23,1008.27
9/21/21,72,79,66.4,303.17,0.15,84.77,0.25,77.2,65.48,1006.61
9/22/21,74.4,79.3,65.7,314.52,0.76,88.46,0.3,76.9,68.88,999.2
9/23/21,66.3,75.6,56.8,296.01,0.01,69.57,0.37,74.4,250.79,998.62
9/24/21,62.6,74.8,53.1,280.94,0,62.66,0.33,70.4,251.33,1004.21
9/25/21,62.8,76.3,49.8,371.67,0,70.05,0.31,69.8,250.81,1003.33
9/26/21,64.8,76.6,53.4,305.16,0,62.34,0.3,70,244.19,1004.4
9/27/21,66.1,81.9,51.3,376.63,0,70.07,0.29,70.7,235.18,1004.63
9/28/21,70,84.2,57.4,377.8,0,73.9,0.28,72.5,232.26,1001.04
9/29/21,72.3,82.6,63.3,310.39,0,69.31,0.28,74,183.69,1001.44
9/30/21,68.4,79.5,59.5,297.14,0,72.35,0.27,74.2,157.59,1005.89
10/1/21,67.4,81.1,57.2,342.4,0,72.37,0.27,73.4,184.24,1009.08
10/2/21,68.8,82.9,56.7,329.47,0,72.05,0.26,73.8,211.15,1008.23
10/3/21,71.5,83.8,59.7,300.54,0,71.05,0.26,74.3,182.92,1003.87
10/4/21,71.7,86,64.8,300.64,0.12,77.15,0.26,75.3,189.77,1002.2
10/5/21,74.6,86.4,66,323.92,0,75.5,0.26,76.1,236.72,1006.05
10/6/21,73.6,82.4,67.6,312.25,0,76.42,0.25,75.4,116.15,1009.5
10/7/21,70.8,76.5,67.3,278.62,0,80.78,0.25,74.3,67.59,1008.22
10/8/21,70.5,76.1,66.7,298.22,0,81.51,0.25,74.1,98.22,1004.79
10/9/21,65.7,68.5,63.7,361.29,3.25,89.65,0.38,69.6,28.79,1002.34
10/10/21,68.4,74.7,64,288.48,0,82.74,0.36,69.7,102.19,1000.64
10/11/21,67.3,70.7,64.8,281.52,0,79.82,0.33,69.7,71.31,1002.21
10/12/21,65.7,71.6,61.3,304.84,0,83.07,0.32,69.3,107.74,1004.21
10/13/21,68.4,81.3,58.5,387.83,0,78.38,0.31,70.3,187.4,1003.3
10/14/21,69.4,83.3,59.2,349.73,0,75.78,0.31,71.2,170.75,1001.35
10/15/21,70.6,83.8,59.2,361.03,0.01,75.13,0.3,71.9,196.86,1000.32
10/16/21,69.4,84.4,56.3,325.49,0.08,72.79,0.29,71.7,161.01,996.81
10/17/21,56.8,65.5,49.8,271.95,0,55.7,0.29,65.3,205.49,1003.25
10/18/21,56,70.2,44.4,280.27,0,60.85,0.29,63.3,203.08,1005.25
10/19/21,58.2,73.6,44.6,295.21,0,61.93,0.28,63.6,200.12,1007.93
10/20/21,60.3,77.9,48,314.97,0,67.36,0.28,64.5,195.36,1008.07
10/21/21,63.6,78.4,48.6,371.93,0,68.92,0.27,65.1,187.98,1004.72
10/22/21,67.5,77.9,55.4,276.39,0.01,70.75,0.27,67.7,125.66,1000.1
10/23/21,60.6,72.7,51.3,289.34,0,66.13,0.26,66.7,182.71,1002.19
10/24/21,62.5,77.7,48.2,366.62,0,71.79,0.26,66.2,181.89,1005.78
10/25/21,67.2,78.3,60.4,327.31,1.32,83.11,0.27,68.1,116.8,997.68
10/26/21,60.3,68.9,48.4,281.07,0,62.68,0.35,64.7,188.02,991.94
10/27/21,55.4,68.9,45.7,303.97,0,64.27,0.33,60.2,178.53,995.85
10/28/21,58.4,71.4,48.4,394.59,0.4,79.63,0.32,61.4,124.65,995.56
10/29/21,62.5,69.1,55.4,308.87,0.53,77,0.37,63.8,143.39,985.95
10/30/21,53,58.6,48.4,305.61,0,79.79,0.34,59.6,69.23,988.53
10/31/21,58.2,70.3,49.5,356.7,0,73.21,0.33,59.9,151.32,995.55
11/1/21,55.6,68.9,44.8,325.02,0,71.23,0.32,59.5,168.48,1006.57
11/2/21,53.8,68.4,45.1,368.57,0.01,73.03,0.31,59.1,160.29,1008.31
11/3/21,49,54.7,45.9,271.44,0,62.65,0.3,57.6,126.84,1011.37
11/4/21,44.6,46.8,39.7,315.52,0.1,72.7,0.3,54.7,34.37,1010.53
11/5/21,44.2,51.6,37.6,297.95,0,61.28,0.3,51.3,93.57,1011.84
11/6/21,47.4,53.2,40.3,270.82,0,61.32,0.3,50.7,62.65,1008.4
11/7/21,50.7,58.3,44.8,277.77,0.01,59.78,0.29,53,119.96,1004.13
11/8/21,53.3,69.3,42.6,271.81,0,54.42,0.29,53,165.06,1007.65
11/9/21,55.2,75,39.6,358.62,0,68.1,0.28,54.7,161.86,1008.43
11/10/21,58.7,79.3,44.1,364.23,0,64.03,0.28,56.5,151.79,1006.35
11/11/21,58.1,72.5,42.1,354.61,0.06,77.04,0.27,57.3,107.23,1005.76
11/12/21,62.1,71.4,45.7,302.6,0.01,72.08,0.26,61.4,143.9,1001.09
11/13/21,52.2,66,41.2,352.75,0.01,58.43,0.26,56.8,150.04,998.92
11/14/21,44.4,57.2,31.6,271.01,0,57.77,0.25,53.9,150.06,1001.27
11/15/21,45.4,54.5,35.1,269.67,0,54.22,0.25,52.6,148.5,1003.69
11/16/21,46.6,64.8,31.3,298.78,0,62.1,0.24,51.9,144.23,1008.49
11/17/21,56.3,72.9,40.8,272.8,0,60.91,0.24,54.1,138.9,1009.92
11/18/21,62.7,74.3,50.5,298.78,0,74.31,0.23,57.1,83.98,1007.78
11/19/21,47.4,63.5,37.4,267.52,0,41.84,0.22,55.6,145.33,1013.75
11/20/21,41.6,52.9,32.2,268.28,0,56.35,0.22,51.3,149.05,1017.7
11/21/21,50.8,65.1,36.7,272.32,0,69.66,0.21,52.6,111.47,1009.95
11/22/21,51.6,57.2,42.4,319.24,0.45,72.7,0.22,53.9,36.21,999.3
11/23/21,38.8,47.1,28.4,266.9,0,46.74,0.23,47.8,143.8,1006.88
11/24/21,37.8,52.5,25.7,268.21,0,54.8,0.23,45.7,140.59,1014.56
11/25/21,44.6,61.5,30,268.65,0,52.04,0.23,45.9,133.44,1007.14
11/26/21,47.2,54.3,36,297.92,0.12,54.47,0.23,48,128.68,999.02
11/27/21,40.3,52.9,30.9,266.45,0,44.91,0.23,45.3,135.05,1003.47
11/28/21,46.9,60.3,34,268.43,0,51.57,0.23,46,116.26,998.57
11/29/21,41.8,50.7,28.4,267.02,0,45.52,0.23,45.9,115.77,1002.45
11/30/21,41.6,58.1,26.2,274.49,0,53.91,0.23,44.2,131.6,1005.29
12/1/21,50.1,65.5,31.6,270.1,0,53.71,0.22,46.5,132.84,1006.51
12/2/21,56.1,68.7,43,271.76,0,57.53,0.22,49.7,107.24,1000.7
12/3/21,59.8,73.4,47.3,270.01,0,49.21,0.22,51.9,122.5,1001.77
12/4/21,56.3,73.2,42.8,272.71,0,62.05,0.21,52.3,105.63,1003.99
12/5/21,52.2,60.3,45.5,273.6,0,66.8,0.21,52.1,86.14,1008.94
12/6/21,58.5,70.2,43.9,311.4,0,73.61,0.21,53.2,99.84,1001.26
12/7/21,48.3,59,41.9,266.11,0,32.68,0.2,53.2,100.68,1006.31
12/8/21,40.7,46,32.7,382.37,0.59,78.75,0.31,49.6,21.16,1001.52
12/9/21,36.1,43.9,31.1,292.64,0,73.57,0.32,45.3,73.26,1008.68
12/10/21,47.6,58.6,35.6,273.62,0,77.68,0.3,47.3,54.96,1006.61
12/11/21,62.1,70.2,54.7,297.86,0.1,85.33,0.29,54.1,44.38,1000.44
12/12/21,47.1,61.7,31.8,282.25,0.02,53,0.29,53,128.67,1009.33
12/13/21,41.1,58.3,28.8,298.6,0,64.1,0.29,47.5,129.46,1014.61
12/14/21,44.6,59.5,30.4,286.84,0,54.06,0.28,46.3,129.98,1016.32
12/15/21,46.7,63.1,39,305.95,0,72.65,0.27,47.2,104.87,1017.19
12/16/21,53.8,68.9,37.4,338.49,0,75.87,0.27,49,112.52,1010.05
12/17/21,62.3,69.3,58.5,306.2,0,82.57,0.26,54.9,85.04,1007.65
12/18/21,63.6,70.5,58.6,318.05,0.02,84.77,0.25,56.6,32.23,1003.5
12/19/21,50.8,64,36.3,367.34,0.95,86.01,0.32,56.1,15.07,1002.93
12/20/21,35.5,43.3,30.4,270.3,0.01,64.44,0.35,48.1,127.96,1011.42
12/21/21,38.4,42.4,34,354.16,0.34,70.95,0.35,46.1,15.45,1001.48
12/22/21,45.7,56.3,37.9,303.34,0.03,61.25,0.36,46.6,118.65,995.15
12/23/21,40.1,51.1,32.2,267.1,0,45.88,0.34,45.2,129.21,1008.53
12/24/21,47.8,61.3,33.6,269.34,0,53.2,0.33,45,120.5,1005.34
12/25/21,59.9,69.8,51.4,272.4,0,63.43,0.33,49.5,81.88,996.11
12/26/21,60.9,72.1,48.2,283.02,0,65.85,0.32,53,128.84,999.93
12/27/21,55.7,67.3,45.7,273.47,0,71.85,0.31,52.3,87.43,1000.18
12/28/21,62,72,54.7,301.69,0,79.95,0.31,54.7,97.17,997.64
12/29/21,67.1,72.9,62.8,279.33,0.01,76.7,0.3,57.9,46.47,997.72
12/30/21,64.4,66.9,63.3,300.26,0.21,88.71,0.31,59.6,20.4,997.87
12/31/21,64.6,71.4,58.3,305,0,79.75,0.31,60,97.17,999.95
1/1/22,69.4,76.5,64.4,279.37,0.13,79.55,0.31,61.7,60.47,996.23